product,language,productDescription
3001456,EN,WB-CG CHARCOAL GANG
3001468,EN,WB-GS CHARCOAL GANG 22.2X24X6.7CM
B8907367002246,EN,THE CHARCOAL GANG
B8907367015697,EN,LIP LIGHTENING COMBO
B8907367022152,EN,FACEWASH VIT C-B1G1
B8907367032571,EN,FACEWASH 100ML DETAN-PACK 2
B8907367032649,EN,HAIRWAX 50G BRAWN EXTRASTRONGHOLD PACK 2
B8907367037842,EN,PREMIUM PERFUME GIFT-50ML*4
B8907367037859,EN,BODYSPRAY 150ML*4 GIFT SET
S8907367000327,EN,BODYPERFUME 120ML BLANC
S8907367001003,EN,BEARDOIL 30ML ALMOND+THYME
S8907367001836,EN,BODYWASH 250ML LEMONGRASS CINNAMON
S8907367001843,EN,SHAMPOO 250ML CHARCOAL PEPPER MINT CLOVE
S8907367001850,EN,CLEANSING GEL 100ML BLACKPEPPER BERGAMOT
S8907367001867,EN,FACEWASH 100ML BOTL YLANG-YLANG ARGAN
S8907367001874,EN,FACESCRUB 100G LEMONGRASS+EUCALYPTUS
S8907367002512,EN,Machismo Hair cream wax 100GM
S8907367002550,EN,SOAP 125G CHARCOAL
S8907367003311,EN,PEEL OFF MASK 100G MORINGA+GOOSEBERRY
S8907367003380,EN,AFTERSHAVE 100ML
S8907367004448,EN,DAILY MOISTURISING CREAM 50G SHEA BUTTER
S8907367008620,EN,FACESERUM 30ML VIT C
S8907367010814,EN,EDT 50ML BLACK
S8907367011866,EN,FACEWASH 100ML VIT C
S8907367013082,EN,HAIRWAX 50G BRAWN ALMOND+ARGAN
S8907367013532,EN,LIPBALM 4G LIGHTNING VIT E
S8907367013587,EN,LIPBALM 4G ESSENCIA VIT E
S8907367014447,EN,LIPSCRUB 10G LIGHTENING
S8907367014867,EN,NOSE STRIP
S8907367016144,EN,EDT 50ML BLANC
S8907367020035,EN,EDT 100ML CITRON
S8907367020073,EN,HAIR REMOVAL CREAM 100G CHARCOAL
S8907367025344,EN,ROLL-ON DEO 55ML BLANC
S8907367025412,EN,FACEWASH 100ML DE-TAN
S8907367026433,EN,ROLL-ON DEO 55ML BLEU
S8907367028192,EN,BODYWASH 200ML PATCHOULI+SEA SALT
S8907367029021,EN,EDP 50ML FIRE
S8907367029038,EN,EDP 50ML NIGHT
S8907367035664,EN,EDT 100ML BLACK
S8907367035961,EN,BODYSPRAY 150ML BLANC
S8907367035978,EN,BODYSPRAY 150ML FIRE
S8907367035985,EN,BODYSPRAY 150ML NIGHT
S8907367035992,EN,BODYSPRAY 150ML OUD
S8907367036722,EN,BLACK POUCH
S8907367037156,EN,EDP 20ML X 4 A GENTLEMAN'S DESIRE
S8907367038108,EN,FACEWASH 100ML GLOW PRO
S8907367038122,EN,GLOW PRO MOISTURISER 50G
S8907367039280,EN,SUNSCREEN GEL SPF50-PA+++ 50ML
S8907367041993,EN,Hope 100ml EDP
S8907367042006,EN,Destiny 100ml EDP
B8907367022787,EN,BODYSPRAY ACTIVE+BOLD
B8907367024125,EN,GAS DEO 40ML-PACK 4
B8907367028406,EN,BLACK EDT 50ML+BOLD GAS DEO 150ML
B8907367039570,EN,MEN'S PERFUME COMBO - 3 X 100ML
B8907367041603,EN,"BLACK, BLANC & FIRE EDT COMBO"
S8907367002499,EN,HAIRWAX 100G SPORTIVO POMADE
S8907367003342,EN,EDP 30ML EFFERUS
S8907367015277,EN,EDP 100ML INTENSE
S8907367020042,EN,EDT 100ML JOY
S8907367020783,EN,BODYSPRAY 150ML ACTIVE
S8907367020790,EN,BODYSPRAY 150ML BOLD
S8907367023128,EN,BODYSPRAY 40ML ACTIVE
S8907367023135,EN,BODYSPRAY 40ML LEGEND
S8907367023142,EN,BODYSPRAY 40ML INTENSE
S8907367023159,EN,BODYSPRAY 40ML BOLD
S8907367028659,EN,BODYLOTION 200ML BLANC
S8907367031635,EN,EDP 20ML X 4 A GENTLEMAN'S MOODS
S8907367039303,EN,ABC HAIR GROWTH SERUM 30ML
S8907367759287,EN,EDP 20ML CLASSY
